id,ImageID,LabelName,Conf,xcenter,ycenter,bbx_width,bbx_height
0,16dbbc39-fcb6-498e-963f-d3807fcc3cec.jpeg,albopictus,0.5,0.1,0.2,0.3,0.4
1,7daa68bd-928b-4b43-850f-4626f16d2c14.jpeg,albopictus,0.5,0.1,0.2,0.3,0.4
2,bb0986d9-fa04-40a5-8de2-c54045537e17.jpeg,albopictus,0.5,0.1,0.2,0.3,0.4
3,11924d04-69fe-469d-8d1c-119bc0f0b94f.jpeg,albopictus,0.5,0.1,0.2,0.3,0.4
4,db4ade79-fce4-4d77-a8fa-36b9e77dfd08.jpeg,albopictus,0.5,0.1,0.2,0.3,0.4
5,e4b45fc6-2c07-48b5-a2e2-89a7269a5215.jpeg,albopictus,0.5,0.1,0.2,0.3,0.4
6,ed1bdf6c-31ac-4e75-be11-8ff41bae2423.jpeg,albopictus,0.5,0.1,0.2,0.3,0.4
7,373cb153-8553-44cd-bffb-dc39bdf9adf6.jpeg,albopictus,0.5,0.1,0.2,0.3,0.4
8,a049be38-1760-42f8-9f37-a7d7b8dde450.jpeg,albopictus,0.5,0.1,0.2,0.3,0.4
9,120dbc2e-d2f2-4e7f-969c-49055306eece.jpeg,albopictus,0.5,0.1,0.2,0.3,0.4
10,5fa87402-3206-43ba-b5a1-a78ace91ece9.jpeg,albopictus,0.5,0.1,0.2,0.3,0.4
11,f471732b-e86a-4b41-b499-33763a42fb2c.jpeg,albopictus,0.5,0.1,0.2,0.3,0.4
12,fc08fd27-0b82-4c62-b7b8-6527db33c381.jpeg,albopictus,0.5,0.1,0.2,0.3,0.4
13,432b6550-46ac-49ad-a05d-6f091e6f09c1.jpeg,albopictus,0.5,0.1,0.2,0.3,0.4
14,1728aba6-2d30-4ffb-aa00-ad52091f10e5.jpeg,albopictus,0.5,0.1,0.2,0.3,0.4
15,48f73386-76cb-44fa-966a-c550bf39badb.jpeg,albopictus,0.5,0.1,0.2,0.3,0.4
16,66d1def1-60ee-475b-bb32-98bf34ddb120.jpeg,albopictus,0.5,0.1,0.2,0.3,0.4
17,c4b01f99-7ba3-4415-b311-b41d503cc51c.jpeg,albopictus,0.5,0.1,0.2,0.3,0.4
18,5e20a46c-b98f-4606-b4df-1ba5602c430d.jpeg,albopictus,0.5,0.1,0.2,0.3,0.4
19,616d30cd-63e8-422a-9a61-6676bcc237a5.jpeg,albopictus,0.5,0.1,0.2,0.3,0.4
20,2ff9ef9d-4c6e-4056-b98b-dded3840db1b.jpeg,albopictus,0.5,0.1,0.2,0.3,0.4
21,8d370e31-80a1-493c-b300-8592ae7b47fb.jpeg,albopictus,0.5,0.1,0.2,0.3,0.4
22,d19595cc-d15a-40c3-b576-120487498911.jpeg,albopictus,0.5,0.1,0.2,0.3,0.4
23,02043b0e-3d7d-4ca4-a36f-4bf97c344264.jpeg,albopictus,0.5,0.1,0.2,0.3,0.4
24,e28a655c-73f5-45cf-8677-97ad2406afce.jpeg,albopictus,0.5,0.1,0.2,0.3,0.4
25,abf54ff5-fa07-46f0-99be-c3d9cc60fef9.jpeg,albopictus,0.5,0.1,0.2,0.3,0.4
26,492679ec-9e72-4d00-9e67-9ff361d140f1.jpeg,albopictus,0.5,0.1,0.2,0.3,0.4
27,8fe0f5db-cb9a-4b56-a7d5-88044c852ea9.jpeg,albopictus,0.5,0.1,0.2,0.3,0.4
28,cdbe94f1-a76b-413b-bf19-157feada99ef.jpeg,albopictus,0.5,0.1,0.2,0.3,0.4
29,ac412026-676e-4bab-8290-ba0d4d50396b.jpeg,albopictus,0.5,0.1,0.2,0.3,0.4
30,c2e4b9be-0252-46c1-a077-ee2231f9fad3.jpeg,albopictus,0.5,0.1,0.2,0.3,0.4
31,ca988521-2f2b-4298-9613-f83ad69a0c92.jpeg,albopictus,0.5,0.1,0.2,0.3,0.4
32,7108bc63-6010-4a45-ab07-1a6999ad56d0.jpeg,albopictus,0.5,0.1,0.2,0.3,0.4
33,90b40ef2-012d-4880-ad0a-4422f0ce8df1.jpeg,albopictus,0.5,0.1,0.2,0.3,0.4
34,58d163b3-fb4b-4a50-acd3-c116b3aa6fc9.jpeg,albopictus,0.5,0.1,0.2,0.3,0.4
35,c6ae5215-a55b-49ae-b920-f1adc794f21f.jpeg,albopictus,0.5,0.1,0.2,0.3,0.4
36,90231987-8eb4-44e9-94ed-2f7674c5f7a1.jpeg,albopictus,0.5,0.1,0.2,0.3,0.4
37,08f795b9-a868-4cd5-a32f-1ffef6efa2ef.jpeg,albopictus,0.5,0.1,0.2,0.3,0.4
38,a595c35c-1b1f-405e-96b0-3642d76a165f.jpeg,albopictus,0.5,0.1,0.2,0.3,0.4
39,84204b9f-8c10-406d-bdd1-790c4b466521.jpeg,albopictus,0.5,0.1,0.2,0.3,0.4
40,1ec71cc4-7da7-49bf-aca8-9ef91d3b786f.jpeg,albopictus,0.5,0.1,0.2,0.3,0.4
41,d79ff754-c00b-433d-9108-571d72832d8d.jpeg,albopictus,0.5,0.1,0.2,0.3,0.4
42,1849fedc-b986-438d-af3f-112bc1199f44.jpeg,albopictus,0.5,0.1,0.2,0.3,0.4
43,348a430e-a217-41a3-b1ea-0353e43e0733.jpeg,albopictus,0.5,0.1,0.2,0.3,0.4
44,acd2acef-f7bb-45c6-b854-4ab915d5d7ef.jpeg,albopictus,0.5,0.1,0.2,0.3,0.4
45,c6ca72a3-c829-411d-aec8-2d93f9b784d5.jpeg,albopictus,0.5,0.1,0.2,0.3,0.4
46,685a45d8-10d7-4a2f-98d5-e14d1ef0baf3.jpeg,albopictus,0.5,0.1,0.2,0.3,0.4
47,3f9877b2-983c-45a2-9784-64a2e2f9607e.jpeg,albopictus,0.5,0.1,0.2,0.3,0.4
48,07e5213c-e31d-4967-a5a6-7f347457771d.jpeg,albopictus,0.5,0.1,0.2,0.3,0.4
49,48141de8-db9f-481f-b870-4cf25952b827.jpeg,albopictus,0.5,0.1,0.2,0.3,0.4
50,6f69d89b-eba2-410c-83a2-a7f8639976d7.jpeg,albopictus,0.5,0.1,0.2,0.3,0.4
51,c2eb5470-5965-4700-84a1-41f5ed0db39d.jpeg,albopictus,0.5,0.1,0.2,0.3,0.4
52,f5161716-98a8-48e7-9eac-10afc07d9078.jpeg,albopictus,0.5,0.1,0.2,0.3,0.4
53,feab7021-ab56-4433-824f-bf2436bdd34f.jpeg,albopictus,0.5,0.1,0.2,0.3,0.4
54,8c9548e2-5d1c-4454-b515-920d92859acb.jpeg,albopictus,0.5,0.1,0.2,0.3,0.4
55,c25b0aac-bfaa-4138-8afb-ca824f8fcfb6.jpeg,albopictus,0.5,0.1,0.2,0.3,0.4
56,845672d2-3415-43f4-91c1-ce551eaf898b.jpeg,albopictus,0.5,0.1,0.2,0.3,0.4
57,453404c8-f81c-41e5-a610-3df944658133.jpeg,albopictus,0.5,0.1,0.2,0.3,0.4
58,ef46203e-e10f-4f5d-beef-a71befc33b98.jpeg,albopictus,0.5,0.1,0.2,0.3,0.4
59,0f438ab8-ab3f-4726-9f5c-5c548b4a77e1.jpeg,albopictus,0.5,0.1,0.2,0.3,0.4
60,9137483c-d81b-4eca-ab20-3bf545e5855e.jpeg,albopictus,0.5,0.1,0.2,0.3,0.4
61,62e8aa3a-af90-4de0-a537-4ac8dd4f61e5.jpeg,albopictus,0.5,0.1,0.2,0.3,0.4
62,78a0332d-4ea3-4ac9-aa27-06a9103ef890.jpeg,albopictus,0.5,0.1,0.2,0.3,0.4
63,93cfae48-b274-4436-b853-283127861fd7.jpeg,albopictus,0.5,0.1,0.2,0.3,0.4
64,e95104ae-58d5-4b7d-a8b1-309fb0635719.jpeg,albopictus,0.5,0.1,0.2,0.3,0.4
65,53a35a8d-2c22-464f-8da5-df7db1116cef.jpeg,albopictus,0.5,0.1,0.2,0.3,0.4
66,988fe925-5890-44b1-97d6-736d8d6fd9b7.jpeg,albopictus,0.5,0.1,0.2,0.3,0.4
67,67393420-fa37-4d8a-a647-a1fabadb8dc5.jpeg,albopictus,0.5,0.1,0.2,0.3,0.4
68,1c60737f-ce88-4208-a51a-4f02c3abed0b.jpeg,albopictus,0.5,0.1,0.2,0.3,0.4
69,d6a66463-38b6-4756-8ea9-dc254ea93c55.jpeg,albopictus,0.5,0.1,0.2,0.3,0.4
70,0870d9f8-aa65-4eb2-be7c-29ddcf056ae8.jpeg,albopictus,0.5,0.1,0.2,0.3,0.4
71,846989e5-ee4b-4ccf-85f2-a3407c5c9fe6.jpeg,albopictus,0.5,0.1,0.2,0.3,0.4
72,9db78f23-6352-47a2-8a6f-18a8a3b2811c.jpeg,albopictus,0.5,0.1,0.2,0.3,0.4
73,beb40459-7e8c-45cc-91a4-b0946728902f.jpeg,albopictus,0.5,0.1,0.2,0.3,0.4
74,c8ac23aa-048f-448e-9e77-e0525fd386bc.jpeg,albopictus,0.5,0.1,0.2,0.3,0.4
75,304f1fec-2a7e-450a-bc0f-e479bf295c3a.jpeg,albopictus,0.5,0.1,0.2,0.3,0.4
76,818eaca8-2ff7-4bc3-a474-4862095d526e.jpeg,albopictus,0.5,0.1,0.2,0.3,0.4
77,2b5d0dce-76bd-4a38-9c78-f6f7db5e78e0.jpeg,albopictus,0.5,0.1,0.2,0.3,0.4
78,10fcd07a-ec1a-48d6-b4ba-8891347d4232.jpeg,albopictus,0.5,0.1,0.2,0.3,0.4
79,86e7cee3-92ac-40e5-b0dc-457ddf2e795e.jpeg,albopictus,0.5,0.1,0.2,0.3,0.4
80,223f4665-5350-437e-8d0d-13e4b1ad21bc.jpeg,albopictus,0.5,0.1,0.2,0.3,0.4
81,fa1f7f19-3f8a-4171-9540-a0d8e4f678ac.jpeg,albopictus,0.5,0.1,0.2,0.3,0.4
82,3d7179d9-2959-4586-9a2e-5b67b087ff05.jpeg,albopictus,0.5,0.1,0.2,0.3,0.4
83,916bebd9-fc40-4a4c-8b5d-a38f54ef3698.jpeg,albopictus,0.5,0.1,0.2,0.3,0.4
84,b354e8d4-7d8f-4479-b4cb-dd4f5b7b5ff1.jpeg,albopictus,0.5,0.1,0.2,0.3,0.4
85,d74c2888-2727-4dea-b90e-10e2b6d64a37.jpeg,albopictus,0.5,0.1,0.2,0.3,0.4
86,abcd1135-de3d-4374-bc38-112b4765fa07.jpeg,albopictus,0.5,0.1,0.2,0.3,0.4
87,f7f8f183-59d5-4ab3-b35e-f2b34944dd65.jpeg,albopictus,0.5,0.1,0.2,0.3,0.4
88,92a02501-bc65-4a92-9ff2-c58a5ae4b6b5.jpeg,albopictus,0.5,0.1,0.2,0.3,0.4
89,79d6c162-db4c-4501-a64e-d1bc2ff27808.jpeg,albopictus,0.5,0.1,0.2,0.3,0.4
90,fcfec73a-49ca-435c-aa3a-bfaa36446e19.jpeg,albopictus,0.5,0.1,0.2,0.3,0.4
91,28bf1f50-2ab1-4d5a-b682-0905835a142c.jpeg,albopictus,0.5,0.1,0.2,0.3,0.4
92,dced8639-b6bd-4c9d-8713-f6c3541aa908.jpeg,albopictus,0.5,0.1,0.2,0.3,0.4
93,415215a5-04b5-460f-a204-93c418e93754.jpeg,albopictus,0.5,0.1,0.2,0.3,0.4
94,9c68c47b-efc8-420d-9651-de0b4944f867.jpeg,albopictus,0.5,0.1,0.2,0.3,0.4
95,065f03d7-48db-4168-8aa2-7e482c31e3b1.jpeg,albopictus,0.5,0.1,0.2,0.3,0.4
96,6535db4a-3754-4678-a1cf-cd565b5040e6.jpeg,albopictus,0.5,0.1,0.2,0.3,0.4
97,27a375a7-e809-4587-93f9-68e9762b8509.jpeg,albopictus,0.5,0.1,0.2,0.3,0.4
98,e7b85d97-bbfd-41ba-8b1c-553bf8106a6b.jpeg,albopictus,0.5,0.1,0.2,0.3,0.4
99,2cea3b1b-5c05-46dc-844e-1e722a0234a6.jpeg,albopictus,0.5,0.1,0.2,0.3,0.4
100,8a5bb3d4-d55c-45bb-b4e7-a691f878c5c0.jpeg,albopictus,0.5,0.1,0.2,0.3,0.4
101,e69706ed-b7cf-4565-a65e-1b71f095b0fe.jpeg,albopictus,0.5,0.1,0.2,0.3,0.4
102,91f0117d-7648-4951-ad9c-86c27db235b0.jpeg,albopictus,0.5,0.1,0.2,0.3,0.4
103,ae32dfa6-178f-41eb-96ac-ab4b47d0da87.jpeg,albopictus,0.5,0.1,0.2,0.3,0.4
104,b49e20bf-897b-4f0a-bc62-a6f910cf2bb0.jpeg,albopictus,0.5,0.1,0.2,0.3,0.4
105,e9421260-554b-4b80-9a55-43e23be1ac31.jpeg,albopictus,0.5,0.1,0.2,0.3,0.4
106,b4e8060b-265f-41ca-a488-681494494a81.jpeg,albopictus,0.5,0.1,0.2,0.3,0.4
107,bc8de947-ad28-4f6c-98a3-c2c2e302df8c.jpeg,albopictus,0.5,0.1,0.2,0.3,0.4
108,5477657a-88d8-47fe-87f5-663ed25f1237.jpeg,albopictus,0.5,0.1,0.2,0.3,0.4
109,99cad3f7-ad1d-419f-808d-3eb43f2d7d69.jpeg,albopictus,0.5,0.1,0.2,0.3,0.4
110,39449d4f-af0c-4233-9f6a-229b89669aaf.jpeg,albopictus,0.5,0.1,0.2,0.3,0.4
111,13ed7625-574f-418a-baef-53f3513cf109.jpeg,albopictus,0.5,0.1,0.2,0.3,0.4
112,db5d29ce-5a9c-4b3d-a369-041026c7fc01.jpeg,albopictus,0.5,0.1,0.2,0.3,0.4
113,da1f7c2d-214e-4908-86e3-64d7ea842110.jpeg,albopictus,0.5,0.1,0.2,0.3,0.4
114,5d2b5335-ceee-44fb-a479-5354f3387418.jpeg,albopictus,0.5,0.1,0.2,0.3,0.4
115,87868e36-b097-48e2-ac70-29bc67f0fb8b.jpeg,albopictus,0.5,0.1,0.2,0.3,0.4
116,62aeb0d0-2be6-4c81-a4da-6b7fe7d8ff5c.jpeg,albopictus,0.5,0.1,0.2,0.3,0.4
117,ddae84a6-5e21-4aa8-9246-4a269daedaeb.jpeg,albopictus,0.5,0.1,0.2,0.3,0.4
118,5385a6f3-0f06-4d0c-a1d7-7ced89007a5a.jpeg,albopictus,0.5,0.1,0.2,0.3,0.4
119,c1db492f-ff9b-4f50-b18e-d89d0b9fbad2.jpeg,albopictus,0.5,0.1,0.2,0.3,0.4
120,cb8843a3-9de8-4b22-a6e0-2c85f1b59285.jpeg,albopictus,0.5,0.1,0.2,0.3,0.4
121,b14ca2c0-2528-4487-a163-5de13f59b307.jpeg,albopictus,0.5,0.1,0.2,0.3,0.4
122,0e99a3d4-6674-44fe-9505-8009db9dfe8e.jpeg,albopictus,0.5,0.1,0.2,0.3,0.4
123,5cc4d280-1c50-4729-90ae-540af65ec593.jpeg,albopictus,0.5,0.1,0.2,0.3,0.4
124,9a9b9059-a121-4f0f-97b9-24e4f82d340a.jpeg,albopictus,0.5,0.1,0.2,0.3,0.4
125,cb137729-abc2-4bc0-9af0-54738dbdeae1.jpeg,albopictus,0.5,0.1,0.2,0.3,0.4
126,f5017eca-2636-4a51-b57d-db6f94dacb6f.jpeg,albopictus,0.5,0.1,0.2,0.3,0.4
127,b407fd1a-a6eb-4819-973e-eceee6c5a8c2.jpeg,albopictus,0.5,0.1,0.2,0.3,0.4
128,6bdb0dca-93dd-40f1-b9ae-9759bc1b5789.jpeg,albopictus,0.5,0.1,0.2,0.3,0.4
129,f84c4174-3bfb-42eb-8e52-b5af5c7b561f.jpeg,albopictus,0.5,0.1,0.2,0.3,0.4
130,90690b80-87de-4711-9a91-3d6ffa672ee4.jpeg,albopictus,0.5,0.1,0.2,0.3,0.4
131,78e71aaf-d9b7-4ecb-abec-afbaeee7ce4d.jpeg,albopictus,0.5,0.1,0.2,0.3,0.4
132,14270465-8cd2-4e76-9906-9a8aed21bf40.jpeg,albopictus,0.5,0.1,0.2,0.3,0.4
133,9a46c7a9-5b3a-4fe3-9e0f-f4b5c8cceaf4.jpeg,albopictus,0.5,0.1,0.2,0.3,0.4
134,b5bf4381-495a-4631-855d-ea0d0032d2c9.jpeg,albopictus,0.5,0.1,0.2,0.3,0.4
135,416adbc5-427d-4fd1-9beb-507ec140487e.jpeg,albopictus,0.5,0.1,0.2,0.3,0.4
136,490cc534-c39e-42c1-9598-e5fb794723b1.jpeg,albopictus,0.5,0.1,0.2,0.3,0.4
137,3c6eed99-b756-42b3-90a3-4314b448d953.jpeg,albopictus,0.5,0.1,0.2,0.3,0.4
138,e3718f98-7952-42d2-a6b7-230d1ccb631b.jpeg,albopictus,0.5,0.1,0.2,0.3,0.4
139,20b42034-a0e5-4960-b74e-7e5fb8dfff96.jpeg,albopictus,0.5,0.1,0.2,0.3,0.4
140,f3e044bf-572c-4d25-bb7d-2c43d5f519b9.jpeg,albopictus,0.5,0.1,0.2,0.3,0.4
141,91271444-27b8-4073-894b-ebbebd60bba5.jpeg,albopictus,0.5,0.1,0.2,0.3,0.4
142,9b58be90-9152-45ea-84c9-6d98a817f086.jpeg,albopictus,0.5,0.1,0.2,0.3,0.4
143,3125c2a0-a875-4530-8f25-3296be3d818e.jpeg,albopictus,0.5,0.1,0.2,0.3,0.4
144,c5d6c7c8-84fe-4e6b-b25a-ba9e13f56e6d.jpeg,albopictus,0.5,0.1,0.2,0.3,0.4
145,6436c4d0-9bba-4ff0-aff2-3dcace59d39c.jpeg,albopictus,0.5,0.1,0.2,0.3,0.4
146,9583081a-c9af-47ce-b9f5-4abfdc23aaca.jpeg,albopictus,0.5,0.1,0.2,0.3,0.4
147,6a2a05a5-d113-4f4d-b543-31a80ff4f3ff.jpeg,albopictus,0.5,0.1,0.2,0.3,0.4
148,f16aa44b-5be5-4f2d-b4cc-263ad20cb0b9.jpeg,albopictus,0.5,0.1,0.2,0.3,0.4
149,74f0e740-520e-401b-8161-91ff962ebe8f.jpeg,albopictus,0.5,0.1,0.2,0.3,0.4
150,1a5371f2-de9b-4742-b325-b90d6907d64d.jpeg,albopictus,0.5,0.1,0.2,0.3,0.4
151,67c4ad50-83d4-4bc6-8b49-9843507b8e42.jpeg,albopictus,0.5,0.1,0.2,0.3,0.4
152,27e7ca2e-e27c-44e3-969a-8e593317d6cd.jpeg,albopictus,0.5,0.1,0.2,0.3,0.4
153,1ccf5f10-bee6-4047-b750-301b329b04e1.jpeg,albopictus,0.5,0.1,0.2,0.3,0.4
154,364f0426-aed0-4032-ae30-b0d37446bde6.jpeg,albopictus,0.5,0.1,0.2,0.3,0.4
155,ddff4816-55b0-472f-9074-5815b3d9ee64.jpeg,albopictus,0.5,0.1,0.2,0.3,0.4
156,a5757ea9-940a-40c1-bf14-f25df4f7fd5c.jpeg,albopictus,0.5,0.1,0.2,0.3,0.4
157,ceaeb26a-79f7-49ed-8d5b-850133dec2d5.jpeg,albopictus,0.5,0.1,0.2,0.3,0.4
158,fae311fd-a029-4bc5-ada9-e240a2a2bc8d.jpeg,albopictus,0.5,0.1,0.2,0.3,0.4
159,bd403602-7ced-47f7-b580-90cb8658e043.jpeg,albopictus,0.5,0.1,0.2,0.3,0.4
160,ec26e4aa-96b4-4bf8-ab1b-e9bfe8d5b497.jpeg,albopictus,0.5,0.1,0.2,0.3,0.4
161,c258f385-f551-48fb-bcd7-5691b699e33d.jpeg,albopictus,0.5,0.1,0.2,0.3,0.4
162,92320f79-6507-4ee9-8231-f4886080a52b.jpeg,albopictus,0.5,0.1,0.2,0.3,0.4
163,187a673d-d0fb-4dd8-89fd-ad955559859a.jpeg,albopictus,0.5,0.1,0.2,0.3,0.4
164,9cab7af0-1278-48c9-977d-ac084881a335.jpeg,albopictus,0.5,0.1,0.2,0.3,0.4
165,b1de96a0-ae1c-49e9-8a1c-ed4d4166f095.jpeg,albopictus,0.5,0.1,0.2,0.3,0.4
166,bd91db7b-04f5-4b9d-bd75-ce527c5f287e.jpeg,albopictus,0.5,0.1,0.2,0.3,0.4
167,98b6fce1-0441-41f2-9f15-ead88b530e80.jpeg,albopictus,0.5,0.1,0.2,0.3,0.4
168,f543c192-7ab7-4c63-8cea-7754aa5f3fb4.jpeg,albopictus,0.5,0.1,0.2,0.3,0.4
169,8104f0e7-444b-4875-bed1-64a50f723124.jpeg,albopictus,0.5,0.1,0.2,0.3,0.4
170,305ac4a1-c740-4efb-9406-52061c75dcfa.jpeg,albopictus,0.5,0.1,0.2,0.3,0.4
171,90b8b0d1-4963-4c1b-a038-9fb46904cbe1.jpeg,albopictus,0.5,0.1,0.2,0.3,0.4
172,a573eb7e-a5cb-479a-8ad4-362df11a7b29.jpeg,albopictus,0.5,0.1,0.2,0.3,0.4
173,b0ac805f-addb-40b7-a4e4-bbd2c5c4514c.jpeg,albopictus,0.5,0.1,0.2,0.3,0.4
174,62ca1f73-8df8-4762-8bc6-0fc7ba4bfb9e.jpeg,albopictus,0.5,0.1,0.2,0.3,0.4
175,fcccf734-a11d-4383-b394-2f23002ae962.jpeg,albopictus,0.5,0.1,0.2,0.3,0.4
176,ff2422f8-5cea-440d-85c9-3fef9ea056ef.jpeg,albopictus,0.5,0.1,0.2,0.3,0.4
177,8bb507e8-6ab3-41e1-b618-cae0ea139a4e.jpeg,albopictus,0.5,0.1,0.2,0.3,0.4
178,1357fe5f-964e-4f54-b678-accc543f935d.jpeg,albopictus,0.5,0.1,0.2,0.3,0.4
179,bedca634-f975-4989-8cde-b10adbff48a5.jpeg,albopictus,0.5,0.1,0.2,0.3,0.4
180,7c5edea9-a8aa-451f-b1a4-e63a7cc4168a.jpeg,albopictus,0.5,0.1,0.2,0.3,0.4
181,5f5d0d1c-5dec-4d66-bbd9-2c69c9cf4eeb.jpeg,albopictus,0.5,0.1,0.2,0.3,0.4
182,905a7f94-0aeb-43a0-a479-120f48ee85c2.jpeg,albopictus,0.5,0.1,0.2,0.3,0.4
183,9f486c54-8608-4763-aca8-0dbed7cf84d2.jpeg,albopictus,0.5,0.1,0.2,0.3,0.4
184,83940543-c311-42ae-bff5-b84702a68e03.jpeg,albopictus,0.5,0.1,0.2,0.3,0.4
185,d860ea0a-480e-4ad8-848a-270e8ca17d82.jpeg,albopictus,0.5,0.1,0.2,0.3,0.4
186,a4d04bd0-8096-4c7f-b655-9f7c347d383f.jpeg,albopictus,0.5,0.1,0.2,0.3,0.4
187,2804bbd0-add6-4a79-abb8-1edcbda9d338.jpeg,albopictus,0.5,0.1,0.2,0.3,0.4
188,3e4d4fc1-1b46-461b-86cb-abf735ec7257.jpeg,albopictus,0.5,0.1,0.2,0.3,0.4
189,b0114543-8a81-4dd7-8d71-c6cf0d7604e5.jpeg,albopictus,0.5,0.1,0.2,0.3,0.4
190,a84afc41-fb24-4e83-b033-09bf97f1a1e7.jpeg,albopictus,0.5,0.1,0.2,0.3,0.4
191,0d068c1a-fc7d-4797-abae-8afc08be660b.jpeg,albopictus,0.5,0.1,0.2,0.3,0.4
192,f35161fd-3278-4a3f-9543-8979dfe80323.jpeg,albopictus,0.5,0.1,0.2,0.3,0.4
193,0d7fda56-9014-4d0e-9802-993925febec0.jpeg,albopictus,0.5,0.1,0.2,0.3,0.4
194,4cd51aff-5f1c-4b1a-826c-4de004f833a9.jpeg,albopictus,0.5,0.1,0.2,0.3,0.4
195,f64aafcb-e423-4125-85c9-f82d41372e30.jpeg,albopictus,0.5,0.1,0.2,0.3,0.4
196,651b0353-c02e-4f01-b129-53214a6b5378.jpeg,albopictus,0.5,0.1,0.2,0.3,0.4
197,91e2f32f-e680-40ba-a2ab-6ed5ae919270.jpeg,albopictus,0.5,0.1,0.2,0.3,0.4
198,36046872-0f7c-41a9-b6f1-2109926f8509.jpeg,albopictus,0.5,0.1,0.2,0.3,0.4
199,2b858873-91a7-4e7f-8dd3-7f7345a9b04c.jpeg,albopictus,0.5,0.1,0.2,0.3,0.4
200,2f79981d-86c7-475c-a192-9f4bda65d491.jpeg,albopictus,0.5,0.1,0.2,0.3,0.4
201,2eb9cea6-460d-4abd-866f-9815e36b4fb8.jpeg,albopictus,0.5,0.1,0.2,0.3,0.4
202,07c395a6-a476-4d9e-acc4-0fc4640faefe.jpeg,albopictus,0.5,0.1,0.2,0.3,0.4
203,9192c4fd-963b-41e1-9475-1488848fb373.jpeg,albopictus,0.5,0.1,0.2,0.3,0.4
204,80155138-4fce-4cbe-a306-6c7930eb4dfa.jpeg,albopictus,0.5,0.1,0.2,0.3,0.4
205,f2fa7c6b-3456-49ea-a5b8-dc2d581155b8.jpeg,albopictus,0.5,0.1,0.2,0.3,0.4
206,8688c78b-2e39-4188-93d1-a2e607844b0e.jpeg,albopictus,0.5,0.1,0.2,0.3,0.4
207,965d6ab0-4799-4ad1-b21d-bff7a85e67ad.jpeg,albopictus,0.5,0.1,0.2,0.3,0.4
208,6a083e8b-0928-4f27-a731-fcc392b0b8b7.jpeg,albopictus,0.5,0.1,0.2,0.3,0.4
209,b8749af1-2c85-46e3-a8b1-f5a97775e2b9.jpeg,albopictus,0.5,0.1,0.2,0.3,0.4
210,069c0ed4-4f81-40f4-98d0-dfc4553ff656.jpeg,albopictus,0.5,0.1,0.2,0.3,0.4
211,5ea21a26-4ee0-46c2-8151-a96f4c409f31.jpeg,albopictus,0.5,0.1,0.2,0.3,0.4
212,a98813d4-a142-4fa6-b84f-c24b1f957be2.jpeg,albopictus,0.5,0.1,0.2,0.3,0.4
213,32f5ca5e-f4b7-47af-8f23-db5a804ed8ed.jpeg,albopictus,0.5,0.1,0.2,0.3,0.4
214,7d3e790a-65a6-4029-8522-8865aa0a0aac.jpeg,albopictus,0.5,0.1,0.2,0.3,0.4
215,ec7264d5-9a18-4b1c-a349-be38f37cd666.jpeg,albopictus,0.5,0.1,0.2,0.3,0.4
216,8633472f-f178-4a92-8c1f-ba9287c8b9d8.jpeg,albopictus,0.5,0.1,0.2,0.3,0.4
217,0f663f9c-0068-4764-9aac-e29a80346527.jpeg,albopictus,0.5,0.1,0.2,0.3,0.4
218,cc878b64-bdb3-4b0d-9710-45f748660baf.jpeg,albopictus,0.5,0.1,0.2,0.3,0.4
219,f99dd95b-e554-4d3f-a881-1604b2b54ca7.jpeg,albopictus,0.5,0.1,0.2,0.3,0.4
220,9fbe7765-f3e5-47e4-aafb-7c151b4a883b.jpeg,albopictus,0.5,0.1,0.2,0.3,0.4
221,8f40cc2a-65b7-447b-a111-9ca66dbedee7.jpeg,albopictus,0.5,0.1,0.2,0.3,0.4
222,4aa8f609-59de-4c09-8bd7-5a8c54ac8446.jpeg,albopictus,0.5,0.1,0.2,0.3,0.4
223,dbc50da2-dfd6-43eb-ae32-75f909080c5e.jpeg,albopictus,0.5,0.1,0.2,0.3,0.4
224,1e908540-19be-438c-b28f-b97f4734ac87.jpeg,albopictus,0.5,0.1,0.2,0.3,0.4
225,b2eac592-a1aa-4549-a7a4-a12323b9e50c.jpeg,albopictus,0.5,0.1,0.2,0.3,0.4
226,8d84c15d-d444-4514-a8cc-f187808a75ed.jpeg,albopictus,0.5,0.1,0.2,0.3,0.4
227,cd63762c-0a6f-4225-8c52-75b420388095.jpeg,albopictus,0.5,0.1,0.2,0.3,0.4
228,2cf9eafa-e9c8-4c6d-8dec-486f2361d324.jpeg,albopictus,0.5,0.1,0.2,0.3,0.4
229,60705f82-07dc-4ca8-99ae-a425e7e80887.jpeg,albopictus,0.5,0.1,0.2,0.3,0.4
230,0e43f1b1-7bae-4ef7-90da-c192a17d1805.jpeg,albopictus,0.5,0.1,0.2,0.3,0.4
231,04a95170-0348-43e1-a722-e178370e6812.jpeg,albopictus,0.5,0.1,0.2,0.3,0.4
232,0ab78764-6857-491b-99d1-f4567efd7f32.jpeg,albopictus,0.5,0.1,0.2,0.3,0.4
233,0a9319b8-070b-435a-b3b5-8347ab52c240.jpeg,albopictus,0.5,0.1,0.2,0.3,0.4
234,c08c4e26-f1f3-421d-b164-4c0a8fc95bd0.jpeg,albopictus,0.5,0.1,0.2,0.3,0.4
235,a107d201-1c72-4263-8815-d698c28a8f39.jpeg,albopictus,0.5,0.1,0.2,0.3,0.4
236,4fb111a0-27ed-4ebb-b5a4-3fa47b80bfc9.jpeg,albopictus,0.5,0.1,0.2,0.3,0.4
237,95be7d42-cb47-4a68-9c07-608421e75b59.jpeg,albopictus,0.5,0.1,0.2,0.3,0.4
238,a4fabc05-3164-465f-9bd3-1964e9b324e2.jpeg,albopictus,0.5,0.1,0.2,0.3,0.4
239,6376baab-5111-4233-986b-5001ae688eb7.jpeg,albopictus,0.5,0.1,0.2,0.3,0.4
240,ef897688-6897-4291-9b41-3c684a3d67ef.jpeg,albopictus,0.5,0.1,0.2,0.3,0.4
241,15b6fb8d-8149-45be-b495-2bb4069a3aa7.jpeg,albopictus,0.5,0.1,0.2,0.3,0.4
242,052e0891-1048-478f-89ba-7e8812a62796.jpeg,albopictus,0.5,0.1,0.2,0.3,0.4
243,55497fb7-1f4c-4514-8d95-d17155be7403.jpeg,albopictus,0.5,0.1,0.2,0.3,0.4
244,6509d5f5-6f52-4427-831d-6818175f90e2.jpeg,albopictus,0.5,0.1,0.2,0.3,0.4
245,da9dbb82-38f7-4f85-bb9e-633c16801a5d.jpeg,albopictus,0.5,0.1,0.2,0.3,0.4
246,c21d3614-5046-4233-a04b-adcf1ba558f3.jpeg,albopictus,0.5,0.1,0.2,0.3,0.4
247,91f9fe75-4359-4819-87a6-a5c2e5836bea.jpeg,albopictus,0.5,0.1,0.2,0.3,0.4
248,5ba7aef5-5597-4ecd-afbb-fa3bef57dfde.jpeg,albopictus,0.5,0.1,0.2,0.3,0.4
249,a52c8cab-9ec1-486f-ba32-04af99389f39.jpeg,albopictus,0.5,0.1,0.2,0.3,0.4
250,a909dc81-886e-46b2-a141-8d223b058ab4.jpeg,albopictus,0.5,0.1,0.2,0.3,0.4
251,360213fb-1f44-4d6e-9e71-6a802c7a74b7.jpeg,albopictus,0.5,0.1,0.2,0.3,0.4
252,b468a45d-b1d9-4fcc-bebf-25fca147a9ec.jpeg,albopictus,0.5,0.1,0.2,0.3,0.4
253,d559d807-5b86-4a11-9957-e48315f9f5ae.jpeg,albopictus,0.5,0.1,0.2,0.3,0.4
254,0f66ea3e-dba5-4424-9ed4-23c5c9419d13.jpeg,albopictus,0.5,0.1,0.2,0.3,0.4
255,cc534b4e-0cb9-40fa-9aa1-795e2ea77e01.jpeg,albopictus,0.5,0.1,0.2,0.3,0.4
256,75674b48-71e3-416b-9454-a4e3c4271d7b.jpeg,albopictus,0.5,0.1,0.2,0.3,0.4
257,4633dfdf-2f2c-4834-bd16-ef332a1c5820.jpeg,albopictus,0.5,0.1,0.2,0.3,0.4
258,31080987-64d1-4d44-9195-7cfe80fdc324.jpeg,albopictus,0.5,0.1,0.2,0.3,0.4
259,f8651621-f5d3-4caa-9b39-3e4b28ac8e82.jpeg,albopictus,0.5,0.1,0.2,0.3,0.4
260,edc597d1-8b44-4fe5-9e07-4f8f59f38a0c.jpeg,albopictus,0.5,0.1,0.2,0.3,0.4
261,539d9c85-2371-4381-afc4-949ecb3195f1.jpeg,albopictus,0.5,0.1,0.2,0.3,0.4
262,7db59a48-af03-4fd8-9274-064334605d5f.jpeg,albopictus,0.5,0.1,0.2,0.3,0.4
263,e8e8fe82-6df2-4cf9-be57-1dfa9d5689a1.jpeg,albopictus,0.5,0.1,0.2,0.3,0.4
264,fad772e4-e81f-4733-b59f-e932ff6183da.jpeg,albopictus,0.5,0.1,0.2,0.3,0.4
265,71404d0a-642e-492e-b777-06536f63664d.jpeg,albopictus,0.5,0.1,0.2,0.3,0.4
266,ed3124f1-4be2-48a6-963d-0e4dfa2bdca1.jpeg,albopictus,0.5,0.1,0.2,0.3,0.4
267,fbe9717c-3d69-4529-94ee-f1f4ff48e4b5.jpeg,albopictus,0.5,0.1,0.2,0.3,0.4
268,d4d6b9ff-1d8e-4f8d-bccb-104af272a62e.jpeg,albopictus,0.5,0.1,0.2,0.3,0.4
269,56cbfed1-4ad5-449e-ab34-409fc5a916b4.jpeg,albopictus,0.5,0.1,0.2,0.3,0.4
270,344e74b5-f0b3-46cd-a082-97238e2cda5c.jpeg,albopictus,0.5,0.1,0.2,0.3,0.4
271,0ec05b33-b16c-4e23-86c1-538bb037efeb.jpeg,albopictus,0.5,0.1,0.2,0.3,0.4
272,a8ad1e9a-a1cb-460f-8a03-3a4dea65cd09.jpeg,albopictus,0.5,0.1,0.2,0.3,0.4
273,452562b5-5dce-43c3-9ce6-b3b74dde6be9.jpeg,albopictus,0.5,0.1,0.2,0.3,0.4
274,592ac19b-3055-4944-b0ac-fd35ea1b3f1e.jpeg,albopictus,0.5,0.1,0.2,0.3,0.4
275,0df08feb-bd58-4288-ba02-c42bb4f9ff2d.jpeg,albopictus,0.5,0.1,0.2,0.3,0.4
276,b165cc46-a654-4452-aa76-1ef4252c164a.jpeg,albopictus,0.5,0.1,0.2,0.3,0.4
277,6620f567-8eaf-44ea-80ae-d4aa47316f36.jpeg,albopictus,0.5,0.1,0.2,0.3,0.4
278,6132cb88-f800-4d16-9c5e-a414b2587c4c.jpeg,albopictus,0.5,0.1,0.2,0.3,0.4
279,6317a279-8147-4846-b518-e1492cd4de7c.jpeg,albopictus,0.5,0.1,0.2,0.3,0.4
280,bd6b16ae-1422-455f-8017-1fd41bda97bd.jpeg,albopictus,0.5,0.1,0.2,0.3,0.4
281,167e2b05-88ed-4f91-b3f1-43bb54cf92bd.jpeg,albopictus,0.5,0.1,0.2,0.3,0.4
282,4803f0e6-7709-4dae-9786-4b3b5ce26396.jpeg,albopictus,0.5,0.1,0.2,0.3,0.4
283,04d4d98b-4b4d-45d1-924a-82f4c3a9ff27.jpeg,albopictus,0.5,0.1,0.2,0.3,0.4
284,2cac172d-24a4-4ac0-ad12-51e1c45d58c7.jpeg,albopictus,0.5,0.1,0.2,0.3,0.4
285,bbf16117-ce35-432c-a46d-c14e2aaebd54.jpeg,albopictus,0.5,0.1,0.2,0.3,0.4
286,6144b1bd-c016-4f6e-bfdb-c51c43af369e.jpeg,albopictus,0.5,0.1,0.2,0.3,0.4
287,3b4a1715-45fe-4933-8176-144cf59d3c97.jpeg,albopictus,0.5,0.1,0.2,0.3,0.4
288,f0e35423-551b-4e6f-af5f-da2c4a693ffb.jpeg,albopictus,0.5,0.1,0.2,0.3,0.4
289,ccc800cb-835c-4d39-9dd6-535630d0bfd0.jpeg,albopictus,0.5,0.1,0.2,0.3,0.4
290,81c031c5-917a-43c8-88fd-a538694a4795.jpeg,albopictus,0.5,0.1,0.2,0.3,0.4
291,c611eaf5-1475-44a4-8667-69a645387631.jpeg,albopictus,0.5,0.1,0.2,0.3,0.4
292,2643a546-c67c-4a0b-838d-d05bddc89209.jpeg,albopictus,0.5,0.1,0.2,0.3,0.4
293,d9597d33-cb2d-49fe-a6ac-3fb5f83af544.jpeg,albopictus,0.5,0.1,0.2,0.3,0.4
294,b24a13f5-59f2-4deb-b77d-543468397b9b.jpeg,albopictus,0.5,0.1,0.2,0.3,0.4
295,491456e7-d4a4-4c25-9b84-7dbdbe8f2051.jpeg,albopictus,0.5,0.1,0.2,0.3,0.4
296,4b6b63fc-43c3-4428-8f41-2a6ea7eec91a.jpeg,albopictus,0.5,0.1,0.2,0.3,0.4
297,6b2af5fb-e8cc-45d8-8721-a8f8422f34da.jpeg,albopictus,0.5,0.1,0.2,0.3,0.4
298,2d5f1c98-be09-41b1-a425-5630dd807059.jpeg,albopictus,0.5,0.1,0.2,0.3,0.4
299,ffb694d6-aee3-4aff-bde8-74ce94e7c8d2.jpeg,albopictus,0.5,0.1,0.2,0.3,0.4
300,813c8580-fa53-4a41-8110-9c89f093dcdd.jpeg,albopictus,0.5,0.1,0.2,0.3,0.4
301,4b31a9ae-50be-455a-b8fd-e1a7a870850f.jpeg,albopictus,0.5,0.1,0.2,0.3,0.4
302,c1225ecd-bcce-4534-9a60-0b7492d5ac6a.jpeg,albopictus,0.5,0.1,0.2,0.3,0.4
303,1bec346b-0eee-42d5-8ce5-760b7039e2e3.jpeg,albopictus,0.5,0.1,0.2,0.3,0.4
304,f0142330-928e-4fa7-9709-001330db1a54.jpeg,albopictus,0.5,0.1,0.2,0.3,0.4
305,8b15bfdd-ca19-4502-af48-a7ffaef140a5.jpeg,albopictus,0.5,0.1,0.2,0.3,0.4
306,94554e5f-37c2-4512-a9bf-e31ff7c55565.jpeg,albopictus,0.5,0.1,0.2,0.3,0.4
307,cda1baca-3759-43bf-9b63-4992209d94ff.jpeg,albopictus,0.5,0.1,0.2,0.3,0.4
308,d6a596ab-07a1-4284-88d5-7cc3a08232a1.jpeg,albopictus,0.5,0.1,0.2,0.3,0.4
309,cda426f3-4616-40fb-96ea-4f40cd5707d9.jpeg,albopictus,0.5,0.1,0.2,0.3,0.4
310,4debb54d-274f-41bc-b2a8-ccf75bbceea5.jpeg,albopictus,0.5,0.1,0.2,0.3,0.4
311,0031063e-716a-4080-934c-77598dc8de72.jpeg,albopictus,0.5,0.1,0.2,0.3,0.4
312,84741405-2fd3-4f9a-b327-5bc2f834735f.jpeg,albopictus,0.5,0.1,0.2,0.3,0.4
313,7e1fd24d-27cd-4837-88d1-87176af957fd.jpeg,albopictus,0.5,0.1,0.2,0.3,0.4
314,3c700781-b669-40fa-9dc9-20e85e37590f.jpeg,albopictus,0.5,0.1,0.2,0.3,0.4
315,34708894-ff23-4209-bd6f-bcd29dff5415.jpeg,albopictus,0.5,0.1,0.2,0.3,0.4
316,7107025c-6096-43bb-917c-17f76c50105e.jpeg,albopictus,0.5,0.1,0.2,0.3,0.4
317,f995d508-9856-4c9e-9fc4-c2621514d6d3.jpeg,albopictus,0.5,0.1,0.2,0.3,0.4
318,28964fc0-e568-43ee-9e22-fd6ae7ee7dd9.jpeg,albopictus,0.5,0.1,0.2,0.3,0.4
319,ccd1ca77-5165-499a-956d-d5555550ddc4.jpeg,albopictus,0.5,0.1,0.2,0.3,0.4
320,bcae8031-582a-48f4-9b2d-e64ceb01f8f8.jpeg,albopictus,0.5,0.1,0.2,0.3,0.4
321,10b288b8-b1fc-4075-bf0c-d0c84baffe82.jpeg,albopictus,0.5,0.1,0.2,0.3,0.4
322,cf8727ca-2df6-4850-b41d-23d7b8ab81a8.jpeg,albopictus,0.5,0.1,0.2,0.3,0.4
323,98a1d744-fd38-48cc-92d7-72b0d43245f7.jpeg,albopictus,0.5,0.1,0.2,0.3,0.4
324,68208fbe-6d56-472f-a793-50885e601057.jpeg,albopictus,0.5,0.1,0.2,0.3,0.4
325,704e8864-c744-474a-bbc1-b29b3a16eaca.jpeg,albopictus,0.5,0.1,0.2,0.3,0.4
326,081e4b2a-6f6e-46c8-9dc0-65c5372d9eb5.jpeg,albopictus,0.5,0.1,0.2,0.3,0.4
327,b0d521b6-9476-41ab-9f7a-2b0b0529e362.jpeg,albopictus,0.5,0.1,0.2,0.3,0.4
328,3fcace3b-254e-4e79-b3af-b578c04db626.jpeg,albopictus,0.5,0.1,0.2,0.3,0.4
329,4d87f7ed-9433-484f-82cd-106993152b53.jpeg,albopictus,0.5,0.1,0.2,0.3,0.4
330,c1e19357-d49a-4ad4-a706-094d905eca4d.jpeg,albopictus,0.5,0.1,0.2,0.3,0.4
331,a0d2c55a-d3c6-473b-a489-f658497f8154.jpeg,albopictus,0.5,0.1,0.2,0.3,0.4
332,3c1c305a-0628-4c6d-990b-ba7fd3d63ee3.jpeg,albopictus,0.5,0.1,0.2,0.3,0.4
333,b1b977df-dd1e-43fd-9e25-0a21e65990ce.jpeg,albopictus,0.5,0.1,0.2,0.3,0.4
334,6e6928f8-5f78-4eda-ad32-cf497a7fbe70.jpeg,albopictus,0.5,0.1,0.2,0.3,0.4
335,09f2fb24-90fa-4667-8ff0-2837d9e2e97b.jpeg,albopictus,0.5,0.1,0.2,0.3,0.4
336,9c540f59-9ea8-4478-adb4-a5fe1201e5fb.jpeg,albopictus,0.5,0.1,0.2,0.3,0.4
337,a8e444f6-5313-466b-a611-81a5a2cf4b6b.jpeg,albopictus,0.5,0.1,0.2,0.3,0.4
338,44bf3fe6-4102-4135-8082-b2082d53d928.jpeg,albopictus,0.5,0.1,0.2,0.3,0.4
339,81f374f4-b8b8-4df5-98c7-1e8c41df221d.jpeg,albopictus,0.5,0.1,0.2,0.3,0.4
340,7f2d5948-18c2-480d-a02e-cd54d4dc4f05.jpeg,albopictus,0.5,0.1,0.2,0.3,0.4
341,670e619f-ed1a-43d2-b2e4-80d74614b893.jpeg,albopictus,0.5,0.1,0.2,0.3,0.4
342,8d3b4000-08c6-4545-93e6-9286818ad91e.jpeg,albopictus,0.5,0.1,0.2,0.3,0.4
343,9d0d18cb-7466-41ca-bc3b-65f447cb4489.jpeg,albopictus,0.5,0.1,0.2,0.3,0.4
344,7d86dcfa-de92-45e8-b5e8-d622e4189049.jpeg,albopictus,0.5,0.1,0.2,0.3,0.4
345,5f6b9da5-95c4-4635-af51-895c2fa32411.jpeg,albopictus,0.5,0.1,0.2,0.3,0.4
346,e406df2a-06dc-4bd3-9ed2-a708299291b3.jpeg,albopictus,0.5,0.1,0.2,0.3,0.4
347,9ee2a709-6821-49c6-ad5f-a0831f664a6f.jpeg,albopictus,0.5,0.1,0.2,0.3,0.4
348,aba33c0c-b52d-42cb-92d2-888d8bc7d1d3.jpeg,albopictus,0.5,0.1,0.2,0.3,0.4
349,4386e1f7-6626-49a5-956b-d1ccecc8f988.jpeg,albopictus,0.5,0.1,0.2,0.3,0.4
350,a8bd345f-b06b-4085-af33-077dfe32daed.jpeg,albopictus,0.5,0.1,0.2,0.3,0.4
351,83842b2c-7d8a-492a-8dfd-220c5ece1bc3.jpeg,albopictus,0.5,0.1,0.2,0.3,0.4
352,274d9771-b571-4d6b-9755-b2c7fbe597c0.jpeg,albopictus,0.5,0.1,0.2,0.3,0.4
353,c9cf816e-0761-469c-aecc-ad6a5b7e3550.jpeg,albopictus,0.5,0.1,0.2,0.3,0.4
354,27d2800b-4eb7-4312-a058-37d227c117aa.jpeg,albopictus,0.5,0.1,0.2,0.3,0.4
355,3a3a7aa7-3390-4481-812e-e11455adde48.jpeg,albopictus,0.5,0.1,0.2,0.3,0.4
356,f6f492ef-ce94-4402-a4fa-27d089e29168.jpeg,albopictus,0.5,0.1,0.2,0.3,0.4
357,e6831853-9088-486d-b8f2-8a907a547013.jpeg,albopictus,0.5,0.1,0.2,0.3,0.4
358,be364f29-22cd-4424-9cf3-98eab266245a.jpeg,albopictus,0.5,0.1,0.2,0.3,0.4
359,450457f6-745f-4ad1-8110-fab3e7249e96.jpeg,albopictus,0.5,0.1,0.2,0.3,0.4
360,296eeeb2-d677-48b6-8cbe-34d15593d680.jpeg,albopictus,0.5,0.1,0.2,0.3,0.4
361,565bed72-bf54-401d-bc0e-af28b0bb6129.jpeg,albopictus,0.5,0.1,0.2,0.3,0.4
362,8aa3af3a-91a0-4ff9-963d-2d1e0990b352.jpeg,albopictus,0.5,0.1,0.2,0.3,0.4
363,378f79e4-6ca0-4c79-a56d-54b1b7f7e9e2.jpeg,albopictus,0.5,0.1,0.2,0.3,0.4
364,b7392bd7-20c9-4f6f-8cd4-21af0215d138.jpeg,albopictus,0.5,0.1,0.2,0.3,0.4
365,3d98f9a1-fac7-4aeb-a528-3b0fdb4479b3.jpeg,albopictus,0.5,0.1,0.2,0.3,0.4
366,d5918c3c-dcd7-4f5b-a3d0-427d943b3d19.jpeg,albopictus,0.5,0.1,0.2,0.3,0.4
367,c9e0f892-48a5-4438-9b83-f3b4d537b4eb.jpeg,albopictus,0.5,0.1,0.2,0.3,0.4
368,3637932c-dad1-4bb1-a7da-a4425f05c991.jpeg,albopictus,0.5,0.1,0.2,0.3,0.4
369,b5164505-a7fb-43c8-bc80-b60c53fa2f1d.jpeg,albopictus,0.5,0.1,0.2,0.3,0.4
370,f6324704-0abe-47df-977e-8bbb574b65e5.jpeg,albopictus,0.5,0.1,0.2,0.3,0.4
371,532e7a50-448f-4df3-beb7-899766572da3.jpeg,albopictus,0.5,0.1,0.2,0.3,0.4
372,175a68df-ee71-4602-b6f4-7308e9f1f18f.jpeg,albopictus,0.5,0.1,0.2,0.3,0.4
373,92742c4a-c8fd-4e3b-8cfa-60d52f26ba8f.jpeg,albopictus,0.5,0.1,0.2,0.3,0.4
374,c22585ce-da16-417d-8687-6161ddeef034.jpeg,albopictus,0.5,0.1,0.2,0.3,0.4
375,9c23c68c-644e-41c6-9056-68320e2b199a.jpeg,albopictus,0.5,0.1,0.2,0.3,0.4
376,7e6625aa-3fd5-49cc-a765-dc88b2688d01.jpeg,albopictus,0.5,0.1,0.2,0.3,0.4
377,fd449c6f-fa26-4797-90b4-f65d4eb5b9d3.jpeg,albopictus,0.5,0.1,0.2,0.3,0.4
378,30b67cce-8d9b-4032-9054-702236596cd3.jpeg,albopictus,0.5,0.1,0.2,0.3,0.4
379,18848e68-9d73-4d5e-9724-9de3de4840a4.jpeg,albopictus,0.5,0.1,0.2,0.3,0.4
380,929047cf-44d6-4c59-bae6-87110df27cbb.jpeg,albopictus,0.5,0.1,0.2,0.3,0.4
381,9018a4fc-0207-43e0-ad6c-9b8a04374f0a.jpeg,albopictus,0.5,0.1,0.2,0.3,0.4
382,0365513c-8f00-44f3-abd0-1fadde81c602.jpeg,albopictus,0.5,0.1,0.2,0.3,0.4
383,84d64b6a-fa7a-47d3-a223-689e04c3295a.jpeg,albopictus,0.5,0.1,0.2,0.3,0.4
384,18fb9a65-c548-44ba-af86-2f220a1a5512.jpeg,albopictus,0.5,0.1,0.2,0.3,0.4
385,83422421-0a20-482e-bb4f-4ba6dfc92b28.jpeg,albopictus,0.5,0.1,0.2,0.3,0.4
386,a58d07c8-da0a-4c77-a06c-f36302293da4.jpeg,albopictus,0.5,0.1,0.2,0.3,0.4
387,5ef5a1ab-555b-48b9-ae2c-7cd13738dc2d.jpeg,albopictus,0.5,0.1,0.2,0.3,0.4
388,c8a84ab5-6414-4519-bc1c-d871e3f94d82.jpeg,albopictus,0.5,0.1,0.2,0.3,0.4
389,3d19622e-bd5f-4d80-b959-c73a2b02595a.jpeg,albopictus,0.5,0.1,0.2,0.3,0.4
390,5bf2ded9-068d-4f0f-beb1-1af0ac2457e4.jpeg,albopictus,0.5,0.1,0.2,0.3,0.4
391,2a651700-0df3-4295-b223-3e53ccf2cc8f.jpeg,albopictus,0.5,0.1,0.2,0.3,0.4
392,df0b7b23-4b1d-479a-9387-6980d007e563.jpeg,albopictus,0.5,0.1,0.2,0.3,0.4
393,f3b6f69d-aa88-497c-a50f-672e2da7ffd2.jpeg,albopictus,0.5,0.1,0.2,0.3,0.4
394,9e4abca6-1b85-48c0-916b-30e690279124.jpeg,albopictus,0.5,0.1,0.2,0.3,0.4
395,aae27793-af32-4235-a4f8-c4b5de9a0617.jpeg,albopictus,0.5,0.1,0.2,0.3,0.4
396,9ac3772e-4483-4e68-a16b-98757d960d84.jpeg,albopictus,0.5,0.1,0.2,0.3,0.4
397,ec3c8d12-411e-44ab-98f6-0ea213941bfa.jpeg,albopictus,0.5,0.1,0.2,0.3,0.4
398,0365d78b-2064-4d54-b15c-994d1950479a.jpeg,albopictus,0.5,0.1,0.2,0.3,0.4
399,74362b37-932d-4b9c-86c9-01e0963a266f.jpeg,albopictus,0.5,0.1,0.2,0.3,0.4
400,9e619225-3ea9-41c1-98b5-b9c38bc014f6.jpeg,albopictus,0.5,0.1,0.2,0.3,0.4
401,8ba8004e-3391-48c5-9412-816d343af664.jpeg,albopictus,0.5,0.1,0.2,0.3,0.4
402,1b8a232b-60e3-4756-b07f-5c6436f4f3a4.jpeg,albopictus,0.5,0.1,0.2,0.3,0.4
403,03d6749a-c5b3-45a3-81fa-b9c2f09eb4ba.jpeg,albopictus,0.5,0.1,0.2,0.3,0.4
404,1ab992bf-6a76-4fd4-b587-8461ab81ef2a.jpeg,albopictus,0.5,0.1,0.2,0.3,0.4
405,d2cfa22b-b242-4cbd-88e9-0de947cc2899.jpeg,albopictus,0.5,0.1,0.2,0.3,0.4
406,2d4c6b55-1c38-4334-b2f5-b3e3ef7de422.jpeg,albopictus,0.5,0.1,0.2,0.3,0.4
407,a6b631f4-e66e-4350-8d79-8dc43dd2d9d6.jpeg,albopictus,0.5,0.1,0.2,0.3,0.4
408,a413a7d8-d7cb-436c-9449-08b4e1aa41c1.jpeg,albopictus,0.5,0.1,0.2,0.3,0.4
409,65a2a520-97c2-443e-af7f-8f3e982a4f73.jpeg,albopictus,0.5,0.1,0.2,0.3,0.4
410,32e570b4-161f-407f-9512-a5eff43452d3.jpeg,albopictus,0.5,0.1,0.2,0.3,0.4
411,cb26c59c-5834-4265-b111-73ce172e459f.jpeg,albopictus,0.5,0.1,0.2,0.3,0.4
412,12822b54-bb03-4806-968b-b7ac6fceda48.jpeg,albopictus,0.5,0.1,0.2,0.3,0.4
413,a22f7f95-6ef5-4440-bdae-21358100bffe.jpeg,albopictus,0.5,0.1,0.2,0.3,0.4
414,a7b2fdb5-e670-46c6-ae2f-efe1ec1917d4.jpeg,albopictus,0.5,0.1,0.2,0.3,0.4
415,d6cd68e8-d6af-4c30-8f17-f41c55f65972.jpeg,albopictus,0.5,0.1,0.2,0.3,0.4
416,5772f2ed-882c-46a2-809a-f144cb0568bf.jpeg,albopictus,0.5,0.1,0.2,0.3,0.4
417,03ef458e-8f40-4d42-811b-f3c2db667e12.jpeg,albopictus,0.5,0.1,0.2,0.3,0.4
418,f19f20b8-a542-4555-bd5e-b2de8f0fd2dd.jpeg,albopictus,0.5,0.1,0.2,0.3,0.4
419,40b987b5-63a9-4e1c-b613-781544bbb23a.jpeg,albopictus,0.5,0.1,0.2,0.3,0.4
420,92aa8844-d059-43ac-b6d6-b92117836443.jpeg,albopictus,0.5,0.1,0.2,0.3,0.4
421,78d112c6-29f3-45bc-80da-ea4680d75ce0.jpeg,albopictus,0.5,0.1,0.2,0.3,0.4
422,c9d5e929-70b1-4546-925a-b765e3567328.jpeg,albopictus,0.5,0.1,0.2,0.3,0.4
423,3a76977b-bd5c-4118-8c13-25894bbc86c5.jpeg,albopictus,0.5,0.1,0.2,0.3,0.4
424,c5faae5c-cec0-4f68-80bd-4c68f675570a.jpeg,albopictus,0.5,0.1,0.2,0.3,0.4
425,2406e3a6-505e-4674-b4f6-d73f0543e1d5.jpeg,albopictus,0.5,0.1,0.2,0.3,0.4
426,80dc41c3-280a-4e17-b919-1cf4a294b058.jpeg,albopictus,0.5,0.1,0.2,0.3,0.4
427,7327194f-cfbd-4db4-a41f-44a00d870fcf.jpeg,albopictus,0.5,0.1,0.2,0.3,0.4
428,1a90d16f-9373-420d-9928-ab632218ae4c.jpeg,albopictus,0.5,0.1,0.2,0.3,0.4
429,3364b34c-b5b7-40f3-8a5e-2fe38af3dc4f.jpeg,albopictus,0.5,0.1,0.2,0.3,0.4
430,f0cca9d1-06cc-43d5-b5c3-0597b269be14.jpeg,albopictus,0.5,0.1,0.2,0.3,0.4
431,c36d530a-4e03-4819-8e5a-f5043c14e947.jpeg,albopictus,0.5,0.1,0.2,0.3,0.4
432,a0424cf2-beae-4e47-804a-4609efc4cf79.jpeg,albopictus,0.5,0.1,0.2,0.3,0.4
433,d93d5ba8-10c1-4f20-b48d-032ea5f55862.jpeg,albopictus,0.5,0.1,0.2,0.3,0.4
434,9dc1f00e-135c-4b5f-9614-4dadcc33c597.jpeg,albopictus,0.5,0.1,0.2,0.3,0.4
435,489a2ce5-b060-4f07-a716-cf243b8b409c.jpeg,albopictus,0.5,0.1,0.2,0.3,0.4
436,f6a4a427-9693-4c34-93a8-bc80ba2b2151.jpeg,albopictus,0.5,0.1,0.2,0.3,0.4
437,4ed11a01-ca18-4009-9e8b-4c29c7d9c4d7.jpeg,albopictus,0.5,0.1,0.2,0.3,0.4
438,af1ebc05-825d-480c-b8e9-d1d28d761a0b.jpeg,albopictus,0.5,0.1,0.2,0.3,0.4
439,195960db-ad39-41a8-b708-f1080872ed04.jpeg,albopictus,0.5,0.1,0.2,0.3,0.4
440,933578c0-2311-47cc-b64d-515f123bf024.jpeg,albopictus,0.5,0.1,0.2,0.3,0.4
441,7c1b9f66-7f86-40b7-9e94-d4c822819f7c.jpeg,albopictus,0.5,0.1,0.2,0.3,0.4
442,068f7c9d-6d65-438f-9e89-1dae3ed4f7ba.jpeg,albopictus,0.5,0.1,0.2,0.3,0.4
443,63767936-fb44-41a8-90c6-6f96d61312f4.jpeg,albopictus,0.5,0.1,0.2,0.3,0.4
444,3067cee3-cbcc-4329-875b-aa5fc4bb2e38.jpeg,albopictus,0.5,0.1,0.2,0.3,0.4
445,d9221f5c-8da1-4fdb-b986-bbbc1f9feb31.jpeg,albopictus,0.5,0.1,0.2,0.3,0.4
446,ba22d436-37a8-41e3-ab52-9fd89afae6f5.jpeg,albopictus,0.5,0.1,0.2,0.3,0.4
447,e2364abc-4bb8-4d30-baa2-05abb4884566.jpeg,albopictus,0.5,0.1,0.2,0.3,0.4
448,417a6ab9-97ff-4d0a-8631-2bdf1ab1e09e.jpeg,albopictus,0.5,0.1,0.2,0.3,0.4
449,966a953a-d447-4b07-8aa3-ee04eafcf5a9.jpeg,albopictus,0.5,0.1,0.2,0.3,0.4
450,aed58175-1266-4149-a8b3-c20c7161d944.jpeg,albopictus,0.5,0.1,0.2,0.3,0.4
451,dd94d87e-d167-403a-b2bc-164e54e220f5.jpeg,albopictus,0.5,0.1,0.2,0.3,0.4
452,12d6142d-705a-4879-aabd-d2df4b9e8f34.jpeg,albopictus,0.5,0.1,0.2,0.3,0.4
453,6ce1e724-6545-43a8-9029-77d0dbdbfa14.jpeg,albopictus,0.5,0.1,0.2,0.3,0.4
454,b45711ca-03c3-44bc-ac20-1bfc0a7511ae.jpeg,albopictus,0.5,0.1,0.2,0.3,0.4
455,9c9af1d7-5dbf-4bdb-9980-2b7e9becb048.jpeg,albopictus,0.5,0.1,0.2,0.3,0.4
456,6a7cb700-2b95-40fb-a36e-1feb6aa274af.jpeg,albopictus,0.5,0.1,0.2,0.3,0.4
457,2eb76dd5-f678-4546-b65c-a0287ee384db.jpeg,albopictus,0.5,0.1,0.2,0.3,0.4
458,c93e13f2-780b-4238-9d03-f3138d615cbc.jpeg,albopictus,0.5,0.1,0.2,0.3,0.4
459,bd5fd521-9468-4bc4-8de0-f5b56ca61c56.jpeg,albopictus,0.5,0.1,0.2,0.3,0.4
460,d7f2b0cd-85a3-44cd-99bb-cbe457de96cd.jpeg,albopictus,0.5,0.1,0.2,0.3,0.4
461,38266f91-a7fb-475b-ae22-e2c6244dd28a.jpeg,albopictus,0.5,0.1,0.2,0.3,0.4
462,f9d49514-a10e-4d40-b45c-f5ac1d8a9511.jpeg,albopictus,0.5,0.1,0.2,0.3,0.4
463,6f2709ef-afa7-41b4-a825-9104232b2b36.jpeg,albopictus,0.5,0.1,0.2,0.3,0.4
464,b0d1af1b-3457-4b5e-b5f5-401c3c624925.jpeg,albopictus,0.5,0.1,0.2,0.3,0.4
465,6e4c95cc-247e-4f17-9419-e4b19f6842eb.jpeg,albopictus,0.5,0.1,0.2,0.3,0.4
466,d2a7a904-6270-40d8-b203-7da9352f5465.jpeg,albopictus,0.5,0.1,0.2,0.3,0.4
467,4e216c54-1daa-4517-91a8-8bf005cc6129.jpeg,albopictus,0.5,0.1,0.2,0.3,0.4
468,cf8f8316-7129-4c85-b5b5-2fc62406a42a.jpeg,albopictus,0.5,0.1,0.2,0.3,0.4
469,5b11c1ef-9296-47b0-b7a0-e56ac17c12dc.jpeg,albopictus,0.5,0.1,0.2,0.3,0.4
470,6c53439b-11cd-4145-888f-596b6d716aac.jpeg,albopictus,0.5,0.1,0.2,0.3,0.4
471,b8f8fc4e-2ab6-4bb4-b60e-55cc2eab5bfb.jpeg,albopictus,0.5,0.1,0.2,0.3,0.4
472,53278c35-1c3a-40dd-91f1-7ef33b32eeb8.jpeg,albopictus,0.5,0.1,0.2,0.3,0.4
473,8ad17913-2a38-48e8-a1a8-c7004d6d1c3e.jpeg,albopictus,0.5,0.1,0.2,0.3,0.4
474,721ee73d-1a01-4244-910e-9d2572bf8468.jpeg,albopictus,0.5,0.1,0.2,0.3,0.4
475,c997c05b-4e95-4b31-b0a1-3bcfa0606a07.jpeg,albopictus,0.5,0.1,0.2,0.3,0.4
476,8b85b3f2-a80d-4f71-91c0-6eea7631012b.jpeg,albopictus,0.5,0.1,0.2,0.3,0.4
477,34a0c0df-b22b-4f9b-b111-8fc375fad2f5.jpeg,albopictus,0.5,0.1,0.2,0.3,0.4
478,ac2c9893-212b-4f41-a762-32953835ff8d.jpeg,albopictus,0.5,0.1,0.2,0.3,0.4
479,c84caf37-ed09-40e2-bf85-6c5f3c3b6668.jpeg,albopictus,0.5,0.1,0.2,0.3,0.4
480,8294cd5d-27ff-414c-9801-c99bc6f7c7a7.jpeg,albopictus,0.5,0.1,0.2,0.3,0.4
481,4287618a-0bc0-4c66-b973-367cf532b648.jpeg,albopictus,0.5,0.1,0.2,0.3,0.4
482,7154c57d-6d79-4c11-bb3b-cc8b74ea09df.jpeg,albopictus,0.5,0.1,0.2,0.3,0.4
483,9de9e882-84d2-414f-ae78-5c3708823831.jpeg,albopictus,0.5,0.1,0.2,0.3,0.4
484,ce6f285b-0b1f-4986-a006-4b7930a57107.jpeg,albopictus,0.5,0.1,0.2,0.3,0.4
485,19401811-2635-4492-909c-312ae0f62429.jpeg,albopictus,0.5,0.1,0.2,0.3,0.4
486,4e63d8b6-758b-4349-bead-8c21e240d51a.jpeg,albopictus,0.5,0.1,0.2,0.3,0.4
487,00fbfad7-9722-4581-831c-79faa576ea7f.jpeg,albopictus,0.5,0.1,0.2,0.3,0.4
488,32c5ce62-8de1-4ba3-af8e-dc7fe0b7456b.jpeg,albopictus,0.5,0.1,0.2,0.3,0.4
489,bd78fc99-e160-47a9-8dec-10d1b7e1a6d6.jpeg,albopictus,0.5,0.1,0.2,0.3,0.4
490,32b9370c-496d-431d-9531-89567b518f25.jpeg,albopictus,0.5,0.1,0.2,0.3,0.4
491,04741ad4-6e1c-416d-acd4-b352cf18ebda.jpeg,albopictus,0.5,0.1,0.2,0.3,0.4
492,a1aca7ec-c709-4da9-b976-2be3525245c6.jpeg,albopictus,0.5,0.1,0.2,0.3,0.4
493,0ad31287-d62f-4a96-8e21-6d2773797684.jpeg,albopictus,0.5,0.1,0.2,0.3,0.4
494,eb77511d-c039-4eb5-8f66-e85c2e397bf0.jpeg,albopictus,0.5,0.1,0.2,0.3,0.4
495,f5b8bb3c-9ec5-46f2-872e-ea00ad006899.jpeg,albopictus,0.5,0.1,0.2,0.3,0.4
496,17b46dcc-17c3-478f-8d80-8fab9dac1a6d.jpeg,albopictus,0.5,0.1,0.2,0.3,0.4
497,e99de36d-acec-48de-87e1-3eadb744f36c.jpeg,albopictus,0.5,0.1,0.2,0.3,0.4
498,615ca1d2-e5cd-42df-b2e1-7d8820ead3fe.jpeg,albopictus,0.5,0.1,0.2,0.3,0.4
499,221c81b4-db24-4c3d-83ce-1803b3a9d473.jpeg,albopictus,0.5,0.1,0.2,0.3,0.4
500,ad5aba3e-8ace-49e0-bf14-af2a91ea897f.jpeg,albopictus,0.5,0.1,0.2,0.3,0.4
501,7096de1f-3155-4b3a-b204-6fe51c66cf03.jpeg,albopictus,0.5,0.1,0.2,0.3,0.4
502,3e3f7ba4-1a46-4edf-82db-2ebe175ff8e7.jpeg,albopictus,0.5,0.1,0.2,0.3,0.4
503,a9d3c3fb-5f5e-4e36-a526-2fa1689b04f7.jpeg,albopictus,0.5,0.1,0.2,0.3,0.4
504,1ac5b5bb-b615-4013-95c8-c39a2c130cf8.jpeg,albopictus,0.5,0.1,0.2,0.3,0.4
505,23d6a2e2-03f7-4ca7-b998-4c08047a11b1.jpeg,albopictus,0.5,0.1,0.2,0.3,0.4
506,fa7cf812-7521-4cae-987b-510cb002ffaf.jpeg,albopictus,0.5,0.1,0.2,0.3,0.4
507,4052f632-17c0-4e38-b323-7ee17ff2e2e8.jpeg,albopictus,0.5,0.1,0.2,0.3,0.4
508,98dfc170-94f8-4536-899a-7f1dce04471f.jpeg,albopictus,0.5,0.1,0.2,0.3,0.4
509,7ce8065d-ef25-4008-b156-785157b0ba13.jpeg,albopictus,0.5,0.1,0.2,0.3,0.4
510,5c53c448-8738-4094-aeb8-86d5ed33b2cb.jpeg,albopictus,0.5,0.1,0.2,0.3,0.4
511,b9e42504-5d54-48ff-b2c1-18e43c0666cb.jpeg,albopictus,0.5,0.1,0.2,0.3,0.4
512,460d8d46-2f01-4c0d-8f18-49dadb309388.jpeg,albopictus,0.5,0.1,0.2,0.3,0.4
513,3a1676d1-ec24-4e9e-8fb5-d306b6dccfa2.jpeg,albopictus,0.5,0.1,0.2,0.3,0.4
514,e159fe8a-2810-4b83-89e6-71504446199b.jpeg,albopictus,0.5,0.1,0.2,0.3,0.4
515,0d35ce5f-d723-41ab-b9e5-9ee8c25593ed.jpeg,albopictus,0.5,0.1,0.2,0.3,0.4
516,84da1f98-02be-4189-bc6c-b340613e17df.jpeg,albopictus,0.5,0.1,0.2,0.3,0.4
517,2eb12e3c-65f7-4527-bc6d-460c4bee21f0.jpeg,albopictus,0.5,0.1,0.2,0.3,0.4
518,e81386cc-12e0-4839-a0e1-ee05c15463b2.jpeg,albopictus,0.5,0.1,0.2,0.3,0.4
519,063c9e1d-cd3c-4c8b-9feb-75ef44904d59.jpeg,albopictus,0.5,0.1,0.2,0.3,0.4
520,b719ddba-3666-4dfd-848b-afe465d4dd5c.jpeg,albopictus,0.5,0.1,0.2,0.3,0.4
521,87573bc0-f7fd-4da6-b085-c331d740039f.jpeg,albopictus,0.5,0.1,0.2,0.3,0.4
522,3a918cb9-770c-4e13-8201-90858c25c7d0.jpeg,albopictus,0.5,0.1,0.2,0.3,0.4
523,da0226ce-ef8f-4217-bd5d-38955a232eab.jpeg,albopictus,0.5,0.1,0.2,0.3,0.4
524,ca1468e3-1337-48b3-b378-135758317454.jpeg,albopictus,0.5,0.1,0.2,0.3,0.4